{"assets/avatar.png":["assets/avatar.png"],"assets/banner.png":["assets/banner.png"],"assets/blue.svg":["assets/blue.svg"],"assets/sign.svg":["assets/sign.svg"],"packages/cupertino_icons/assets/CupertinoIcons.ttf":["packages/cupertino_icons/assets/CupertinoIcons.ttf"],"packages/flutter_vector_icons/fonts/AntDesign.ttf":["packages/flutter_vector_icons/fonts/AntDesign.ttf"],"packages/flutter_vector_icons/fonts/Entypo.ttf":["packages/flutter_vector_icons/fonts/Entypo.ttf"],"packages/flutter_vector_icons/fonts/EvilIcons.ttf":["packages/flutter_vector_icons/fonts/EvilIcons.ttf"],"packages/flutter_vector_icons/fonts/Feather.ttf":["packages/flutter_vector_icons/fonts/Feather.ttf"],"packages/flutter_vector_icons/fonts/FontAwesome.ttf":["packages/flutter_vector_icons/fonts/FontAwesome.ttf"],"packages/flutter_vector_icons/fonts/FontAwesome5_Brands.ttf":["packages/flutter_vector_icons/fonts/FontAwesome5_Brands.ttf"],"packages/flutter_vector_icons/fonts/FontAwesome5_Regular.ttf":["packages/flutter_vector_icons/fonts/FontAwesome5_Regular.ttf"],"packages/flutter_vector_icons/fonts/FontAwesome5_Solid.ttf":["packages/flutter_vector_icons/fonts/FontAwesome5_Solid.ttf"],"packages/flutter_vector_icons/fonts/Fontisto.ttf":["packages/flutter_vector_icons/fonts/Fontisto.ttf"],"packages/flutter_vector_icons/fonts/Foundation.ttf":["packages/flutter_vector_icons/fonts/Foundation.ttf"],"packages/flutter_vector_icons/fonts/Ionicons.ttf":["packages/flutter_vector_icons/fonts/Ionicons.ttf"],"packages/flutter_vector_icons/fonts/MaterialCommunityIcons.ttf":["packages/flutter_vector_icons/fonts/MaterialCommunityIcons.ttf"],"packages/flutter_vector_icons/fonts/MaterialIcons.ttf":["packages/flutter_vector_icons/fonts/MaterialIcons.ttf"],"packages/flutter_vector_icons/fonts/Octicons.ttf":["packages/flutter_vector_icons/fonts/Octicons.ttf"],"packages/flutter_vector_icons/fonts/SimpleLineIcons.ttf":["packages/flutter_vector_icons/fonts/SimpleLineIcons.ttf"],"packages/flutter_vector_icons/fonts/Zocial.ttf":["packages/flutter_vector_icons/fonts/Zocial.ttf"],"packages/persian_fonts/lib/fonts/Sahel.ttf":["packages/persian_fonts/lib/fonts/Sahel.ttf"],"packages/persian_fonts/lib/fonts/Samim.ttf":["packages/persian_fonts/lib/fonts/Samim.ttf"],"packages/persian_fonts/lib/fonts/Shabnam.ttf":["packages/persian_fonts/lib/fonts/Shabnam.ttf"],"packages/persian_fonts/lib/fonts/Vazir.ttf":["packages/persian_fonts/lib/fonts/Vazir.ttf"],"packages/persian_fonts/lib/fonts/Yekan.ttf":["packages/persian_fonts/lib/fonts/Yekan.ttf"]}