[{"family":"MaterialIcons","fonts":[{"asset":"fonts/MaterialIcons-Regular.otf"}]},{"family":"packages/cupertino_icons/CupertinoIcons","fonts":[{"asset":"packages/cupertino_icons/assets/CupertinoIcons.ttf"}]},{"family":"packages/flutter_vector_icons/AntDesign","fonts":[{"asset":"packages/flutter_vector_icons/fonts/AntDesign.ttf"}]},{"family":"packages/flutter_vector_icons/Entypo","fonts":[{"asset":"packages/flutter_vector_icons/fonts/Entypo.ttf"}]},{"family":"packages/flutter_vector_icons/EvilIcons","fonts":[{"asset":"packages/flutter_vector_icons/fonts/EvilIcons.ttf"}]},{"family":"packages/flutter_vector_icons/Feather","fonts":[{"asset":"packages/flutter_vector_icons/fonts/Feather.ttf"}]},{"family":"packages/flutter_vector_icons/FontAwesome","fonts":[{"asset":"packages/flutter_vector_icons/fonts/FontAwesome.ttf"}]},{"family":"packages/flutter_vector_icons/FontAwesome5_Brands","fonts":[{"asset":"packages/flutter_vector_icons/fonts/FontAwesome5_Brands.ttf"}]},{"family":"packages/flutter_vector_icons/FontAwesome5_Regular","fonts":[{"asset":"packages/flutter_vector_icons/fonts/FontAwesome5_Regular.ttf"}]},{"family":"packages/flutter_vector_icons/FontAwesome5_Solid","fonts":[{"asset":"packages/flutter_vector_icons/fonts/FontAwesome5_Solid.ttf"}]},{"family":"packages/flutter_vector_icons/Fontisto","fonts":[{"asset":"packages/flutter_vector_icons/fonts/Fontisto.ttf"}]},{"family":"packages/flutter_vector_icons/Foundation","fonts":[{"asset":"packages/flutter_vector_icons/fonts/Foundation.ttf"}]},{"family":"packages/flutter_vector_icons/Ionicons","fonts":[{"asset":"packages/flutter_vector_icons/fonts/Ionicons.ttf"}]},{"family":"packages/flutter_vector_icons/MaterialCommunityIcons","fonts":[{"asset":"packages/flutter_vector_icons/fonts/MaterialCommunityIcons.ttf"}]},{"family":"packages/flutter_vector_icons/MaterialIcons","fonts":[{"asset":"packages/flutter_vector_icons/fonts/MaterialIcons.ttf"}]},{"family":"packages/flutter_vector_icons/Octicons","fonts":[{"asset":"packages/flutter_vector_icons/fonts/Octicons.ttf"}]},{"family":"packages/flutter_vector_icons/SimpleLineIcons","fonts":[{"asset":"packages/flutter_vector_icons/fonts/SimpleLineIcons.ttf"}]},{"family":"packages/flutter_vector_icons/Zocial","fonts":[{"asset":"packages/flutter_vector_icons/fonts/Zocial.ttf"}]},{"family":"packages/persian_fonts/Vazir","fonts":[{"asset":"packages/persian_fonts/lib/fonts/Vazir.ttf"}]},{"family":"packages/persian_fonts/Samim","fonts":[{"asset":"packages/persian_fonts/lib/fonts/Samim.ttf"}]},{"family":"packages/persian_fonts/Shabnam","fonts":[{"asset":"packages/persian_fonts/lib/fonts/Shabnam.ttf"}]},{"family":"packages/persian_fonts/Sahel","fonts":[{"asset":"packages/persian_fonts/lib/fonts/Sahel.ttf"}]},{"family":"packages/persian_fonts/Yekan","fonts":[{"asset":"packages/persian_fonts/lib/fonts/Yekan.ttf"}]}]